標題,連結,內文,來源,時間,圖片
午後外出帶傘！氣象署對16縣市發布大雨特報| 生活,https://newtalk.tw/news/view/2025-05-18/971563,"氣象署發布大雨特報，午後對流雲系發展旺盛，易有短延時強降雨，大台北、東北部地區及各地山區今天有局部大雨發生的機率，注意雷擊、強陣風及溪水暴漲，山區慎防坍方及落石，低窪地區慎防積水。
氣象署對16縣市發布大雨特報，大雨地區為基隆北海岸、台北市、新北市、桃園市山區、新竹縣山區、苗栗縣山區、台中市山區、南投縣、雲林縣山區、嘉義縣山區、台南市山區、高雄市山區、屏東縣山區、宜蘭縣、花蓮縣山區、台東縣山區。",Newtalk新聞,2025-05-18,https://images.newtalk.tw/resize_action2/800/album/news/972/68296afd7b2dd.jpeg
對流發展旺盛！氣象署針對2縣市發大雨特報| 生活,https://newtalk.tw/news/view/2025-05-15/971153,"南部地區對流雲系發展旺盛，中央氣象署今(15)日下午針對高雄市及屏東山區發布大雨特報，提醒這2區域將有局部大雨，外出須攜帶雨具，同時也需特別注意雷擊和強陣風，山區則要慎防短時強降雨造成的坍方、落石和溪水暴漲。
中央氣象署針對2縣市發布大雨特報，氣象署說，對流雲系發展旺盛，易有短延時強降雨，今日高雄及屏東山區有局部大雨發生的機率，注意雷擊及強陣風，山區慎防坍方、落石及溪水暴漲。",Newtalk新聞,2025-05-15,https://images.newtalk.tw/resize_action2/800/album/news/972/6825b64aa06e4.png
大雨致交通受阻花蓮秀林鄉和平村5/19停班停課| 政治,https://newtalk.tw/news/view/2025-05-18/971631,"受到今天大雨造成交通受阻影響，花蓮縣政府晚間發布訊息表示，5月19日秀林鄉和平村（和平、和中、和仁）停止上班上課。
花蓮下午雨勢不斷，導致台鐵和仁與崇德間遭土石流淹沒軌道。台鐵表示，目前北迴線雙向中斷，晚間7時台鐵人員也已進場搶修。
台鐵和仁與崇德間因大雨遭土石流淹沒軌道，北迴線雙向中斷；花蓮縣政府表示，19日秀林鄉和平村（和平、和中、和仁）停止上班上課。圖為花蓮站晚間空蕩蕩情形。（民眾提供）",Newtalk新聞,2025-05-18,https://images.newtalk.tw/resize_action2/800/album/news/972/6829fb41eb88a.jpg
豪大雨不斷！蘇花時雨量65毫米公路局可能預警性封路| 生活,https://newtalk.tw/news/view/2025-05-18/971586,"今(18)日午後豪大雨不斷，蘇花路廊南段下午已有短時豪雨發生，時雨量達65毫米，公路局東區養護工程分局南澳工務已成立緊急應變小駔，並於蘇花路廊沿線進駐搶災機具及警戒人員加強巡查及待命，後續雨量如持續加劇，不排除預警性封路。
公路局說，台9丁線和中~大清水1小時雨量65.0mm，台9線大清水~崇德(158K~167K)1小時雨量 65.0.0mm，不排除預警性封路。另台9線161.3k花蓮縣政府正辦理石公溪疏濬，本分局已通報花蓮縣政府石公溪上游已誘發土石流請撤離疏濬機具、設備。
全站首選：陣風慘敗引爆軍武連鎖效應! 南亞多國要退訂 殲-10C成新星 連韓國都怕賣不動
公路局呼籲用路人，颱風豪雨期間山區道路易發生坍方、落石，路況難以掌握，請避免進入山區道路。另用路人持續注意道路管制訊息並預先規劃行程及相關應變措施，颱風過後山區道路不穩定性高，災後搶通時間需俟災情規模而定，請用路人提前因應規劃避免受困滯留。",Newtalk新聞,2025-05-18,https://images.newtalk.tw/resize_action2/800/album/news/964/67edc909d6c5f.jpg
外出帶傘！午後對流雲系發展旺盛16縣市大雨特報| 生活,https://newtalk.tw/news/view/2025-05-17/971441,"午後對流雲系發展旺盛，易有短延時強降雨，今(17)日新竹以北、南投地區及其他各地山區有局部大雨發生的機率，請注意雷擊及強陣風，山區注意坍方、落石及溪水暴漲，低窪地區請慎防積水。
氣象署針對16縣市發布大雨特報，範圍包括基隆北海岸、台北市、新北市、桃園市、新竹縣、苗栗縣山區、台中市山區、南投縣、雲林縣山區、嘉義縣山區、台南市山區、高雄市山區、屏東縣山區、宜蘭縣山區、花蓮縣山區、台東縣山區。",Newtalk新聞,2025-05-17,https://images.newtalk.tw/resize_action2/800/album/news/972/68282afe8b0d5.png
台東縣豪雨特報 山區注意坍方.落石,https://newtalk.tw/news/view/2025-05-18/971513,中央氣象署在今(18)晨5時15分發布豪雨特報，由於對流雲系發展旺盛，易有短延時強降雨，台東縣有局部大雨或豪雨發生的機率，請注意雷擊及強陣風，山區注意坍方、落石及溪水暴漲。,Newtalk新聞,2025-05-18,https://images.newtalk.tw/resize_action2/800/album/news/972/682907f12f6b4.jpg
午後豪大雨狂炸！松山機場暫停地面作業部分航班延誤| 生活,https://newtalk.tw/news/view/2025-05-18/971583,"今(18)日午後各地都有雷陣雨，交通部民航局表示，松山機場下午3時13分起暫停地面作業，部分航班可能因此延誤，提醒旅客及接機民眾注意航班異動資訊，如有航班問題請洽詢航空公司。
氣象署發布豪雨特報，氣象署說，午後對流雲系發展旺盛，易有短延時強降雨，新北市山區及南投縣山區今日有局部大雨或豪雨，大台北、東北部、東部地區及各地山區有局部大雨發生的機率，請注意雷擊、強陣風及溪水暴漲，山區請慎防坍方及落石，並請避免前往山區活動，低窪地區需慎防積水。
全站首選：中國報導賴清德就職周年不小心說了實話！央視主播脫口稱「兩國」
民航局指出，受此影響，與松山機場有航班往來的機場也將連帶影響，航班起飛或到達時間將有延誤，已要求相關航空站立即於航站內透過公佈欄、跑馬、廣播等方式告知旅客，並於官網提供最新航班資訊供民眾查詢。除此之外，民航局也說，由於馬祖濃霧尚未解除，南竿、北竿機場尚未恢復起降。",Newtalk新聞,2025-05-18,https://images.newtalk.tw/resize_action2/800/album/news/926/667e627797985.jpg
大雷雨狂襲東部！「崇德—和仁」發生土石流台鐵北迴線無法通行| 生活,https://newtalk.tw/news/view/2025-05-18/971593,"今(18)日因午後對流雲系發展旺盛，易有短延時強降雨，氣象署發布豪雨特報，氣象署也持續針對「宜蘭縣、花蓮縣」發布大雷雨即時訊息，持續時間至17時00分止。而受到豪大雨影響，合鐵事故通報平台通報，崇德車站至和仁車站間土石流，北迴線列車無法通行。
氣象署發布豪雨特報，新北市山區、南投縣山區、花蓮縣山區及新北市(汐止區及深坑區)今日有局部大雨或豪雨，大台北、東北部、東部地區及各地山區有局部大雨發生的機率，請注意雷擊、強陣風及溪水暴漲；山區請慎防坍方及落石，並請避免前往山區活動；低窪地區請慎防積水。
持續更新：午後豪大雨狂炸！松山機場暫停地面作業 部分航班延誤
氣象署也持續針對「宜蘭縣、花蓮縣」發布大雷雨即時訊息，而台鐵也受到影響，合鐵事故平台通報因劇烈天氣影響，崇德車站至和仁車站間土石流，北迴線列車無法通行，欲退換票旅客，可至售票窗口辦理，也有網友回報，「本人在434次，車長廣播只行駛至蘇澳新，後續怎麼前往是個大問題」。
合鐵事故平台通報「因劇烈天氣影響，崇德車站至和仁車站間土石流，北迴線列車無法通行，欲退換票旅客，可至售票窗口辦理」。   圖：翻攝自合鐵事故平台臉書",Newtalk新聞,2025-05-18,https://images.newtalk.tw/resize_action2/800/album/news/888/64f593f2535ce.jpg
豪雨致災！台鐵北迴線「雙向中斷」最新行車資訊報你知| 生活,https://newtalk.tw/news/view/2025-05-19/971812,"昨(18)日受強降雨影響，台鐵和仁至崇德路段土石流淹過鐵軌，導致北迴鐵路雙向中斷。對此，台灣鐵路公司今(19)日公布北迴線最新行車資訊，包括東部往返西部各級列車開放站票、以柴聯車或公路運輸提供旅客接駁服務和部分列車停駛等。
台鐵北迴線昨日下午16時許，受豪雨影響，土石泥流淹過鐵軌軌面約3000方 ，導致現場電力桿傾倒、號誌通訊中斷、部分鐵道及電車設備受損，該路段「雙向皆無法通行」。對此，台鐵緊急調度柴聯車，行駛於東小清水溪橋施作及檢查完工軌道路線，協助旅客往返東部，並隨時更新行車資訊。
現正最夯：陣風慘敗引爆軍武連鎖效應! 南亞多國要退訂 殲-10C成新星 連韓國都怕賣不動
今晚18時起列車運行班次如下：
1.217次列車僅行駛至新城站(新城=樹調間停駛)。
2.441次列車僅行駛至新城站(新城=樹調間停駛)。
3.252次樹林至花蓮間列車停駛(花蓮=壽豐行駛)。
4.47次花蓮=樹林間列車停駛(台東=花蓮行駛)。
5.241次花蓮=和平間列車停駛(和平=樹林行駛)。
6.54次列車僅行駛至七堵站(七堵=花蓮間停駛)。
7.其餘車次及各區間(快)車順行至和平站，逆行至花蓮站。
8.今日東部往返西部之各級列車全面開放站票，不需換補票（僅純西線新自強號不開放站票）。
此外，台鐵公司說明，部分旅客受強陣雨影響，持有行經和仁至崇德中斷區間之未使用車票(含去回程車票)，可於一年內辦理退票，免收手續費。若旅客透過台鐵e訂通APP或台鐵官方網站訂購車票，其退票手續費將依次退還至原刷卡帳戶。若旅客受土石流影響，導致列車到站時間延遲120分鐘以上者，可免費搭乘同區間同等級車種列車一次。",Newtalk新聞,2025-05-19,https://images.newtalk.tw/resize_action2/800/album/news/972/682afba81295d.jpg
金門.馬祖濃霧能見度不足200公尺東北部留意局部豪大雨| 生活,https://newtalk.tw/news/view/2025-05-18/971516,"今天(18日)鋒面位於台灣北部海面，天氣更加不穩定，清晨台東地區有局部豪雨發生，東北部及東部有不定時局部短暫陣雨或雷雨，清晨至上午中部以北沿海地區有零星短暫陣雨，東南部及恆春半島則有不定時零星短暫陣雨，其他地區為多雲到晴，午後會有局部短暫雷陣雨，應注意午後北部、東北部地區及各地山區容易有局部大雨，尤其大台北及東北部地區有局部短延時豪雨發生的機率，部分地區下雨的時間將延續較久，晚間東北部及東部亦有局部大雨，建議外出攜帶雨具以備不時之需。
各地氣溫方面，沒下雨時天氣悶熱，各地高溫約31至35度，南部近山區可達36度左右，外出請注意防曬並多補充水分，至於各地低溫約23至26度；離鋒面較近的馬祖及金門有短暫陣雨或雷雨，澎湖為多雲時晴；澎湖25至31度，金門24至31度，馬祖23至28度。
當前熱搜：中國報導賴清德就職周年不小心說了實話！央視主播脫口稱「兩國」
今、明兩天金門及馬祖易有局部霧或低雲影響能見度，金門及馬祖已出現能見度不足200公尺的現象，交通往返請留意航班資訊。
周一到周五環境吹偏南風，各地大多為多雲到晴，花、東地區及恆春半島有局部短暫陣雨，午後大台北、東北部、東部地區及其他山區有局部短暫雷陣雨，山區並有局部較大雨勢，周一清晨至上午中南部沿海地區亦有零星短暫陣雨；氣溫預測北部24~34度，中部24~34度，南部26~35度，東北部23~31度，東部23~31度，東南部25~32度；澎湖25~31度，金門24~31度，馬祖23~30度。",Newtalk新聞,2025-05-18,https://images.newtalk.tw/resize_action2/800/album/news/972/68291c575ee20.jpg
(影) 廣東信宜一建橋梁中因暴雨垮塌遭疑豆腐渣工程當局：未造成人員傷亡| 中國,https://newtalk.tw/news/view/2025-05-19/971786,"最近中國廣東茂名信宜市多地暴雨，有網友發影片稱，信宜市北界鎮一處橋梁垮塌。
根據《極目新聞》今（19）日的報導，事故橋梁附近居民盧先生透露，18 日凌晨 2 時左右當地下起暴雨， 11 時左右雨才停。9 時許他在家聽到外面傳來聲音，察看後發現是附近一座橋被水沖垮。盧先生指出，政府有關部門後來有派人來察看，目前那邊已經封路了。
話題延燒：(影) 印巴戰機空中對陣影片曝光! 傳她一人打下2架印機 被封「巴鐵女神」
事發地周邊一名商戶告訴記者，那邊有一個綠道，平時有些人會去散步。但現在因為橋梁垮塌，大家都去不了了。
北界鎮政府應急管理辦公室工作人員聲稱，該橋梁此前處於在建狀態，尚未通車，此次垮塌沒有造成人員傷亡。
對此網友們紛紛留言說：「設計施工的問題，不要最終又歸為自然災害。」、「現在的暴雨真厲害，比什麼質檢驗收部門都厲害了。」、「相關部門要加以重視，舉一反三。避免類似質量問題再度發生。」、「這橋質量也太差了吧。」、「又是一個豆腐渣工程?」
最近中國廣東茂名信宜市北界鎮一處橋梁垮塌。   圖：翻攝自極目新聞
最近中國廣東茂名信宜市北界鎮一處橋梁垮塌。   圖：翻攝自極目新聞",Newtalk新聞,2025-05-19,https://images.newtalk.tw/resize_action2/800/album/news/972/682ae8c75b27d.png
台鐵全線班次調整一次看！ 花蓮暴雨癱瘓北迴線「柴聯車搶接駁」,https://newtalk.tw/news/view/2025-05-19/971659,"花蓮昨（18日）午後強降雨引發土石流，造成台鐵北迴線中斷。台鐵公司緊急搶修後，今（19日）凌晨完成東正線試運轉，並自首班車起以柴聯車於新城－和平間接駁，全線列車班次大幅調整，最新行車資訊一次掌握！
花蓮昨日下午4點多降下豪雨，導致台鐵和仁＝崇德西線發生土石流災情，泥流直接淹過軌道。由於該區段的東線原已因「東小清水溪橋工程」封閉，仰賴西線單線通車，但西線也因災情中斷，導致北迴線雙向交通癱瘓。
延燒焦點：今晨連4震！中南部高溫飆36度、各地慎防午後雷陣雨 週六鋒面接近
台鐵公司表示，為降低旅客衝擊，今（19日）凌晨1時緊急完成和仁＝崇德間東正線試運轉，確認路線安全無虞。今早起恢復新城－和平間運輸，但改以柴聯車編組接駁，並同步調整多班對號列車與區間列車行駛區段。
對號列車（台北 → 和平）
對號列車（花蓮、新城 → 台北）
對號列車（新城－花蓮－台東）
區間快車
特別接駁說明
以下列車今日停駛，旅客請改搭替代列車或公路接駁：
観光列車調整",Newtalk新聞,2025-05-19,https://images.newtalk.tw/resize_action2/800/album/news/972/682a8b4fab171.jpg
雲林虎尾潮拚完工 水利署、虎科大將共管,https://news.ltn.com.tw/news/Yunlin/paper/1707796,"水利署與國立虎尾科技大學簽署合作意向書。 （記者李文德攝）
〔記者李文德／雲林報導〕經濟部水利署在雲林縣虎尾鎮投入超過九億元經費，進行「虎尾潮計畫」工程，改善水環境，解決淹水問題，第一期工程預計九月完工。水利署昨與國立虎尾科技大學簽署合作意向書，未來將合作共同管理。
虎尾潮計畫主要優化水利工程及河水周邊空間地景、生態景觀，是全國首次採取國際競圖方式規劃的水利工程，計畫分成三期施作。第一期主要為北港溪虎尾堤段整體環境營造，占地廿六公頃，建置河濱運動平台、綠色大階梯、多功能大草坪等地景。第二、三期工程已發包，預計六、八月動工。
由於第一期工程延伸至虎科大體育場，更與校方合作推動「食農教育區」，水利署為強化人水關係、營造親水環境，副署長王藝峰、五河分署長吳明華、虎科大校長張信良、行政院雲嘉南聯合服務中心副執行長陳怡帆簽署合作意向書，未來將共同經營。
張信良表示，第一期完工啟用後，將結合校方資源及教研量能，提升整體水岸品質；王藝峰說，完工後圳路部分由五河分署管理，另外河川區域則由虎科大協助維護。
第一期工程整體占地約廿六公頃，未來將合作共同管理。 （記者李文德攝）
不用抽 不用搶 現在用APP看新聞 保證天天中獎　 點我下載APP　 按我看活動辦法",自由時報,2025-05-21,https://img.ltn.com.tw/Upload/news/600/2025/05/21/148.jpg
埃及是尼羅河的贈禮【知定講堂 啟蒙論壇 藍弋丰】EP96,https://video.ltn.com.tw/article/ZHHq_9XxseE/PLI7xntdRxhw0WAtjar8mbBJH6nFzOOxRb,"藍弋丰先生為金鼎獎歷史作家，《橡皮推翻了滿清》《海角七號電影小說》作者，科技新報總監，播客「國際大事收藏版」主持人。
關於古埃及、古希臘歷史學家、有「歷史之父」之稱的希羅多德，有一句很精確地描述。埃及是尼羅河的贈禮。Egypt is the gift of the Nile。
為何說「埃及是尼羅河的贈禮」？
因為一方面、埃及幾無雨量，所有水源都來自尼羅河。
不論是飲用水、洗滌用水、灌溉用水、水力。
另一方面、尼羅河的氾濫非常規律，因為氾濫的時間可以準確預測。
因此古埃及人在氾濫季節前先遷離，避開洪水不會被大水沖走，等氾濫結束了再回來。洪水帶來了沃土沉積，所以收成還更好。
其他大河氾濫洪水改道難以預期。尼羅河為什麼特別規律？
這也跟地理因素、以及地球板塊運動有關。
#藍弋丰 #埃及 #尼羅河 #知定講堂 #啟蒙論壇
✴️敬請觀看並協助訂閱，按讚、留言、分享，以利影片推廣。
✴️以下為各社群平台使用之唯一官方帳號✴️
觀看Youtube頻道：https://www.youtube.com/@babujushi
Podcast 知定講堂：https://maac.io/2l0hP
----------------------------------------------------
我們的頻道➔ http://video.ltn.com.tw
YouTube➔ https://www.youtube.com/user/tvforltn
Dailymotion➔ https://www.dailymotion.com/LibertyTimes
不用抽 不用搶 現在用APP看新聞 保證天天中獎　 點我下載APP　 按我看活動辦法",自由時報,2025-05-15,
今年颱風不見了？直至5月未見生成！專家：下旬南海可能會有熱帶擾動| 生活,https://newtalk.tw/news/view/2025-05-20/971885,"時序已進入5月，今年西北太平洋及南海海域還未生過任何一個颱風，跟氣候統計平均值來相比，數量明顯偏少。林老師指出，今年5月初大氣環流開始調整，到了5月中高壓軸線又再度回歸，才會沒有颱風生成，但美國數值模擬5月下旬南海有熱帶擾動生成訊號，需持續觀察。
林老師說，統計過去67年的氣候資料顯示，5月份，西北太平洋及南海地區共有70個颱風生成，發生的頻率佔全年統計總數的4.0%；生成個數雖不算多，但與之前的1至4月相比，生成數量則有持續再增加的趨勢。再從颱風運動路徑圖來看，直接影響台灣的機會都不算太高，根據統計過去114年氣候資料，5月份的直接侵台颱風個數只有9次，數量也不是很多，這又與當時環境駛流場中的太平洋高壓強度還不夠強可能有關。
話題延燒：「四邊包繩不打洞」成網路新哏！故宮P圖跟進 律師笑問：參戰了嗎?
而今年5月初，大氣環流場開始進行調整重佈，太平洋高壓軸線西伸有提早反應的趨勢，不過，到了中、下旬，高壓軸線又再東退回歸，這將會直接回饋在未來可能生成的熱帶擾動的運動路徑上，且美國NCEP數值模式也模擬出5月下旬，在南海海域會有熱帶擾動生成的訊號，不確定性高，需觀察。
林老師指出，今年5月初大氣環流開始調整，到了5月中高壓軸線又再度回歸，才會沒有颱風生成，但美國數值模擬5月下旬南海有熱帶擾動生成訊號，需持續觀察。   圖：翻攝自林老師氣象站臉書",Newtalk新聞,2025-05-20,https://images.newtalk.tw/resize_action2/800/album/album/1/6723070eef10d.jpg
《台東》台東市國際地標 「小強」亂竄遊客驚,https://news.ltn.com.tw/news/life/paper/1706710,"台東海濱公園「國際地標」滿地蟑螂，發光源上更多。（民眾提供）
〔記者劉人瑋／台東報導〕台東海濱公園「國際地標」，在經過數個颱風摧殘後，今年三月安裝超過一萬顆LED燈，本想改善原本殘破的形象，成為夜間熱門打卡點，近日卻被民眾發現，蟑螂密密麻麻到處爬，或漫天飛舞、甚至撲身嚇得遊客倉皇而逃。縣府表示，可能因天氣溼熱加上燈光引誘所致，將派員加強環境清消。
許多遊客從國際地標步道登頂後，腳邊成群小蟲隨燈光愈強、愈看清竟是蟑螂滿地爬，甚至飛到遊客身上，驚呼連連，小孩子們拔腿就跑，有女遊客走路變成跳躍，就是想避開蟑螂，國際地標頂部光源更多，蟑螂漫天飛舞。
請繼續往下閱讀...
許多遊客拿出手機錄影、拍照，現場幾名婦女帶著小孩在附近吃消夜，即使蟑螂偶爾爬上身也若無其事撥開，她們說，不要爬到食物內就好。
台東縣府交通及觀光管理處長卜敏正說明，因近來天氣炎熱潮溼等季節因素造成蟑螂出沒，光源又吸引蟑螂前來，會請專人排除、整理，希望能讓更多遊客能安心前來觀光。
市民代表蔡政家指出，出沒的是美洲、澳洲蟑螂多存在水溝中，研判是近日傍晚下大雨，逼出溝中蟑螂。
不用抽 不用搶 現在用APP看新聞 保證天天中獎　 點我下載APP　 按我看活動辦法",自由時報,2025-05-15,https://img.ltn.com.tw/Upload/news/600/2025/05/15/40.jpg
《花蓮》疊石藝術季週六登場 七星潭添美景,https://news.ltn.com.tw/news/life/paper/1706822,"花蓮太平洋國際疊石藝術季將於後天登場，目前七星潭大部分作品都已經完成，今天將最後收尾。（記者花孟璟攝）
〔記者花孟璟／花蓮報導〕花蓮縣新城鄉七星潭海灘以美麗的鵝卵石海灘著稱，大大小小的鵝卵石每一顆都有獨特的紋路，海洋委員會、新城鄉公所去年首辦七星潭疊石藝術節獲好評，今年加入花蓮縣府觀光處共同舉辦「太平洋國際疊石藝術季」，將在週六開幕，除了欣賞國內外藝術家的創作作品，現場也舉辦親子疊石挑戰、美食市集！
到七星潭看海、聽海，享受潮水拍擊鵝卵石海灘後，石頭和石頭們與海浪一起滾動的聲響，是最迷人的花蓮風景線，去年康芮颱風過境曾讓東海岸到處堆置漂流木，也加入今年疊石藝術節成為重要的創作載體。
請繼續往下閱讀...
縣府觀光處長余明勳表示，今年的太平洋國際疊石藝術季擴大規模，邀請來自英國的James Brunt與Jon Foreman、瑞典的Pontus Jansson，及台灣藝術家馬耀、林立仁、了嘎．里外、黃裕榮與東華大學藝術與設計系教授蔡文慶師生團隊等八組專業藝術家，創作大型疊石地景藝術。
除了邀請藝術家創作，「疊石創作賽」也有廿組團隊報名，除了有來自桃園的上班族、東華大學學生、在地藝術愛好者組隊，還有來自馬來西亞與香港的兩位女大學生共同參賽，各自以熱情與創意堆疊出充滿巧思的圖騰意象，預計今天十五日會全部完成，十七日開幕，現場展出作品也將開放網路票選，最高人氣作品有二萬元獎金。
他說，藝術季將於後天十七日下午三點半在七星潭賞星廣場開幕，在海風及夕陽中欣賞花囍樂團、瑪大藝術恆舞集、比亞酥樂團、JELLY樂團等在地音樂、舞蹈團體輪番演出，也有美食及小農市集，更有親子疊石挑戰活動比賽「誰堆得高」，市集也將連續四個週六日舉辦，作品將展出直到颱風季。
不用抽 不用搶 現在用APP看新聞 保證天天中獎　 點我下載APP　 按我看活動辦法",自由時報,2025-05-15,https://img.ltn.com.tw/Upload/news/600/2025/05/15/148.jpg
巴布亞紐幾內亞外海地震規模6.4 無海嘯警報,https://news.ltn.com.tw/news/world/breakingnews/5049524,"巴布亞紐幾內亞北部外海，今天發生規模6.4地震。（圖擷自USGS）
〔中央社〕根據美國地質調查所（USGS），巴布亞紐幾內亞北部外海今天發生規模6.4地震，這起地震沒有「引發海嘯警報」。
法新社報導，美國地質調查所表示，地震發生於距離巴布亞紐幾內亞安戈拉姆鎮（Angoram）約81公里處，地震深度10公里。美國地質調查所已修正稍早發布的地震規模、深度及距離。
請繼續往下閱讀...
巴布亞紐幾內亞位於地震活躍的「環太平洋火山帶」（Ring of Fire）上，地震頻繁發生。雖然地震在人煙稀少的地區很少造成大規模損害，但仍可能引發破壞性極大的山崩。
不用抽 不用搶 現在用APP看新聞 保證天天中獎　 點我下載APP　 按我看活動辦法",自由時報,2025-05-21,https://img.ltn.com.tw/Upload/news/600/2025/05/21/phpSf8WVq.png
7月大地震預言 NHK點名從港台擴散謠言、中國使館的「提醒」加深不安,https://money.udn.com/money/story/5599/8741856?from=edn_newest_index,"二十幾年前的日本漫畫預言今年7月5日日本將發生毀滅性地震，香港部分飛日定期航班預防性減班。NHK上月調查這個「謠言」起自旅居日本的中國網紅在影片介紹這個都市傳說，去年底從中文圈、特別是以香港和台灣為主開始發酵。報導還說，4月14日中國駐日使館發布「提醒中國公民注意防範地震災害」，更讓港人認為網路傳言有憑有據，擴大不安。
NHK4月底報導，以「2025年7月」有關的日文影片至少1400支，合計觀看破1億次；內容包括會有隕石掉落、發生南海海槽大地震、火山爆發等，或者「是有其他的預言者所說」。影片從2023年左右增加，今年上架數急速變多。在TikTok有逾50支影片，觀看4千萬次以上。
報導說，這個沒有科學根據的謠言擴散到國外，去年底左右，以香港、台灣為中心擴散開來。繁體字的相關影片，在YouTube至少220支，合計5200萬次觀看數。當地媒體或是風水師說「最好4月也不要到日本」，3月緬甸中部大地震發生後，又增加泰國預言者的說法。在TikTok有英文、泰文、越文等相關影片，印度、印尼、英國、西班牙的網媒也報導此事。
NHK認為，中國駐日大使館在的「提醒」被香港媒體報導以後，擴大不安的情緒。中國使館官網發布聲明：「據日本媒體報導，3月31日，日本政府公布最新南海海槽大地震風險評估報告，將未來30年日本發生南海海槽大地震的概率從70%提升至80%，稱地震可能波及西起沖繩、東至福島的廣大區域，導致29.8萬人死亡，造成1.8萬億（兆）美元經濟損失。提醒旅日同胞防範地震災害。」聲明表示，綜合考慮有關因素，建議穩妥安排赴日旅遊、留學，慎重選擇購置房產等。",經濟日報,2025-05-15,https://uts.aralego.com/a/789f3ae9-791e-4d6d-8e74-7792f50b0396.png
曼谷大樓地震倒塌奪數十命 泰國法院發出逮捕令,https://money.udn.com/money/story/5599/8742909?from=edn_newestlist_rank,"泰國曼谷一座摩天大樓在一場地震中倒塌，造成數十名工人喪生。泰國法院今天針對17人發出逮捕令。
法新社報導，這棟樓高30層大樓原定為國家審計署辦公大樓，但在鄰國緬甸3月28日發生規模7.7強震後倒塌。
這是曼谷在這次地震中唯一倒塌的建築，倒塌速度之快以及發生之突然，引發外界對這棟大樓施工品質的質疑。
曼谷警察局長暹（Siam Boonsom）告訴法新社：「泰國法院今天針對涉及這次大樓倒塌事件的3個團體總計17人發出逮捕令。」
他未透露遭鎖定者的詳細身分，但當地媒體指出，其中包括義大利-泰國合作發展公司（Italian-ThaiDevelopment Plc，ITD）的員工。ITD是倒塌大樓的建築承包商之一。
當局表示，倒塌現場的瓦礫堆中已找到89具遺體，不過，仍有7人下落不明。
這棟大樓由泰國最大建築公司之一的ITD和中國企業集團合資承建。
泰國安全官員上月對現場回收的鋼筋進行初檢測，發現部分使用的金屬為不合格品。",經濟日報,2025-05-15,https://uts.aralego.com/a/77557bde-5b3a-4526-ad2d-6a2339bca758.png
南韓光州市輪胎工廠大火 有毒黑煙沖天、400名員工急撤 | 國際焦點 | 國際,https://money.udn.com/money/story/5599/8746267?from=edn_newestlist_rank,"南韓第二大輪胎製造商錦湖輪胎（Kumho Tire）位於光州市的工廠17日清晨發生大火，造成1名員工與2位消防員受傷，約400名員工緊急疏散，生產作業全面停擺。
YT連結：https://youtu.be/uIK6ZkLpVKc?si=vAisHuwZUUcxQ-KL
韓聯社報導，消防部門當天上午7時11分左右接獲多通報案電話，指光州市光山區的錦湖輪胎工廠發生火災，隨即發布二級應變，動員全市消防人力投入救火。
錦湖輪胎與消防部門均證實，一名20多歲的男性員工受傷，被送往附近的醫院，沒有生命危險。據報導，該員工腿部重傷，一度受困在廠房內，於上午8點59分獲救。另有一名50多歲消防員臉部燒傷，以及一名30多歲消防員則是頭部受傷。
錦湖輪胎約400名值班工人疏散，目前未有其他傷亡報告。一名公司幹部接受電訪時表示，「所有生產將會暫停，直到情況得到控制」。
起火的建築物據了解為用來將輪胎原料生橡膠與化學藥品混合的精煉設施，預熱橡膠的設備因不明原因冒出火花，點燃周圍可燃物。雖然員工嘗試撲救，但火勢迅速擴大，起火的建築開始坍塌，並波及鄰近的建築。由於鄰近建築內存放危險物質，消防人員在持續滅火的同時，也隨時做好撤離的準備。
根據報導，約167名消防員和65輛設備已投入救火行動。儘管位於市中心的工廠陷入火海，黑煙與有毒氣體四散，引發了民眾的不安。消防部門表示，工廠內存放約20噸的生橡膠，影響滅火進度，可能需要幾天時間才能完全撲滅火勢。",經濟日報,2025-05-17,https://pgw.udn.com.tw/gw/photo.php?u=https://uc.udn.com.tw/photo/2025/05/17/realtime/32061812.jpg&x=0&y=0&sw=0&sh=0&sl=W&fw=1050&exp=3600&exp=3600
韓國光州輪胎工廠大火! 濃煙蔽天 下達國家消防動員令| 國際,https://newtalk.tw/news/view/2025-05-17/971452,"韓國光州市錦湖輪胎光州工廠發生火災，由於現場多是易燃物，一時火勢一發不可收拾，現場濃煙蔽天，韓國消防廳已下達國家消防動員令，目前傷亡不明。
據瞭解，火災發生時間在今 ( 17 ) 日早上 7 時 11 分許。據消防部門推測，火災是從工廠內的橡膠儲藏場所發生的，火勢很難撲滅，因此於當地時間 8 時左右發佈了第二階段應對命令，動員光州所有消防署人力和可用裝備前往現場救火。
現正最夯：中國報導賴清德就職周年不小心說了實話！央視主播脫口稱「兩國」
韓國行政安全部代理部長高綺童當天也下達指示，要求相關部門動員所有可用人力和裝備，全力展開救助和滅火工作。高綺童還指示，在滅火過程中全力保障消防員安全，並要求警方控制和保護火災現場周邊地區的安全。",Newtalk新聞,2025-05-17,https://images.newtalk.tw/resize_action2/800/album/news/972/682839c6f254b.jpg
空氣污染：為何越來越難看到喜馬拉雅山脈？,https://www.bbc.com/zhongwen/articles/cd0leyzn4x3o/trad,"我在尼泊爾首都長大，自小仰望喜馬拉雅山。自從離開之後，我就一直懷念著那些最高峰上壯闊遼遠、俯瞰山脊的景色。
每次返回加德滿都，我都希望能再次看見壯麗的山脈。然而，希望不時落空。
罪魁禍首是籠罩整個地區的嚴重空氣污染，形成一層厚重的霧霾。
即使在過去天氣最清朗的春季與秋季，如今也難見晴空。
就在去年四月，我搭乘的國際航班因天氣陰霾影響機場能見度，被迫在加德滿都上空盤旋近二十圈才得以降落。
End of 熱讀
我下榻的飯店海拔適中，若天氣晴朗可遠眺山脈——但在我為期兩週的停留期間，始終未見晴天。
即使前往位於加德滿都郊外的主要觀景點納加闊特（Nagarkot），眼前所見的也只是一片霧霾，彷彿群山從未存在。
「我不再像過去那樣以『日出、日落與喜馬拉雅山景』來為這裡作宣傳了，」自1996年起在納加闊特經營飯店的尤根德拉·沙迦（Yogendra Shakya）表示。
「現在大多數時間都無法看到那些景色，我就重新改為歷史與文化的定位，這裡也有這些旅遊資源。」
早在一年前的旅行中，我曾懷抱希望，能在迷人的安納普爾納（Annapurna）地區健行時一睹壯麗的喜馬拉雅山景——但結果幾乎也都失望而歸。
圖像來源，
YOGENDRA SHAKYA
科學家指出，該地區的霧霾情況愈發嚴重，且持續時間更長，能見度大幅下降。
霧霾是由多種污染物形成的，包括塵埃與火災產生的煙塵粒子，導致能見度降至5,000米（16,400英尺）以下。在旱季期間，這些霧霾常滯留空中不散，而氣候變遷使旱季時間進一步延長。
每年六月至九月為該區的雨季，此時天空多為季風雲層覆蓋，而非霧霾，山脈同樣難以看見，能見度偏低。
過去，每年三至五月、十至十一月是旅遊業的旺季，因為此時天氣晴朗、視野開闊。
但隨著氣溫上升、降雨減少，以及空氣污染惡化，如今春季也常出現濃霧與低能見度的情況，且這種狀況甚至從12月就開始出現。
尼泊爾首位女性登山嚮導之一切特里（Lucky Chhetri）表示，霧霾天氣已導致其生意下跌四成。
「去年有一次，我們需要向一組登山客賠償，因為嚮導們無法讓他們看到喜馬拉雅山脈，霧霾太濃了，」她說。
自1986年起曾十多次造訪尼泊爾的澳洲遊客約翰·卡羅爾（John Carrol）表示，看不見群山是「極大的失望」。
「十年前還不是這樣，但現在霧霾似乎無所不在，對像我這樣的遊客而言，實在令人非常失望，」他說。
尼泊爾甘達基省（Gandaki province）登山業者協會（Trekking Agents Association of Nepal）主席克里希納·阿查里亞（Krishna Acharya）表示，登山產業正面臨嚴峻困境。
「我們的會員嚮導都很沮喪，因為看不到喜馬拉雅山脈就代表沒有生意。很多人甚至考慮要轉行，」他向BBC表示。
圖像來源，
LUCKY CHHETRI
在印度一側，靠近喜馬拉雅山中央山脈的酒店業者和旅遊業者表示，霧霾現在比以往更加濃重，且回歸的速度也更快。
位於烏塔拉坎德邦（Uttarakhand，亦稱北阿坎德邦）並在社區經營旅遊業務的維爾迪（Malika Virdi）表示：「我們現在有較長時間的乾旱期，隨後才會有強烈降雨，與過去不同。由於降雨不頻繁，霧霾持續的時間更長。」
然而，維爾迪女士指出，遊客們依然堅持不懈，許多沒有見到山脈的遊客會再次造訪，試圖再碰碰運氣。
在巴基斯坦喜馬拉雅山脈的西部地區，受霧霾影響相對較小，因為這些山脈距離城市較遠。
然而，當地人表示，過去從白沙瓦（Peshawar）與吉爾吉特（Gilgit）等地清晰可見的山脈，如今也常不再可見。
巴基斯坦環境保護局前局長阿西夫·舒賈（Asif Shuja）說：「霧霾層保持懸浮的時間更長，我們不再像過去那樣能夠看到山脈。」
南亞城市經常位居全球空氣污染最嚴重的地區之一。
這片區域的公共健康受到了有毒空氣的嚴重影響，空氣污染頻繁導致交通中斷和學校停課。
汽車和工業排放、基礎設施建設的塵土、乾燥的碎石道路以及垃圾露天焚燒是全年主要的空氣污染源。
此外，乾季延長導致森林火災增加，產生大量煤炭，加上印度北部、巴基斯坦與尼泊爾農民在收割後焚燒農作殘餘物，也進一步加劇空氣污染問題。
天氣使得暖空氣覆蓋在冷空氣之上，使污染物被困在空中，阻礙垂直空氣流動，使污染物無法擴散。
南亞氣象協會的達斯博士（Dr Someshwar Das）對BBC表示：「霧霾和沙塵暴在南亞地區增多，這一趨勢預計會因氣候變化和其他因素而持續。」
根據尼泊爾水文氣象部門的數據，2024年，位於尼泊爾西部主要旅遊中心博卡拉（Pokhara）機場記錄的霧霾天數達168天，比2020年的23天和2021年的84天大幅增加。
圖像來源，
YUNISH GURUNG
專家認為，由於喜馬拉雅山脈位於一個人口密集且污染嚴重的地區，它可能是全球受影響最嚴重的山脈之一。
這可能意味著，原本壯麗的喜馬拉雅山景，現在大多只能通過照片、畫作和明信片來呈現。
「當我們無法讓客戶看到他們為之付費的山脈時，我們只能帶著愧疚做生意，」登山嚮導切特里女士表示。
「而對於霧霾，我們無能為力。」",BBC News 中文,2025-05-15,https://ichef.bbci.co.uk/ace/ws/640/cpsprodpb/96b1/live/9f0490d0-2e85-11f0-8ff1-59f5dcf8e9f5.jpg.webp
與恐龍同行：加拿大厚鼻龍集體死亡之謎,https://www.bbc.com/zhongwen/articles/c3e558z583po/trad,"圖像來源，
WALKING WITH DINOSAURS/BBC STUDIOS
在加拿大阿爾伯塔省一片茂密森林山坡之下，隱藏着一個規模巨大的恐龍墓地。
數以千計的恐龍在一場突如其來的災難中瞬間喪命，被埋葬於此。
現時，一隊古生物學家來到這片被䁥稱為「死亡之河」（River of Death）的派普斯通溪（Pipestone Creek），希望解開這場發生於7,200萬年前的謎團：這些恐龍到底是怎樣死的？
揭開真相，首先得靠大鎚猛力敲擊。要打開覆蓋化石的厚重岩層，得靠蠻力。
帶領這次挖掘工作的艾米莉·班福斯教授（Emily Bamforth）形容岩石是「古生物學的黃金」。
End of 熱讀
當團隊開始進行更細緻的清理工作，去除泥土與塵埃時，一堆化石化的骨骼逐漸浮現眼前。
圖像來源，
KEVIN CHURCH/BBC NEWS
「那一大塊骨頭，我們認為是髖骨的一部分，」班福斯教授說道，她的狗「阿斯特」（Aster）在監視——牠今天的任務是一旦發現附近有熊就會吠叫示警。
「然後這裡，這些細長的骨頭全都是肋骨。這塊很完整，是腳趾骨的一部分。至於這一塊，我們完全不知道是什麼——這正是派普斯通溪謎團的一個很好的例子。」
BBC新聞團隊來到派普斯通溪，親眼見證這座史前墓地的龐大規模，並觀察研究人員如何拼湊線索。
這個遺址已出土數千件化石，並持續帶來新的發現。
圖像來源，
KEVIN CHURCH/BBC NEWS
這些化石骨骼皆屬於一種名為厚鼻龍（Pachyrhinosaurus）的恐龍。該物種以及班福斯教授的發掘項目，將於BBC全新的《與恐龍同行》（Walking With Dinosaurs）中登場。該節目透過視覺特效結合科學研究，重現史前世界。
厚鼻龍生活於白堊紀（Late Cretaceous ）晚期，為三角龍的近親。其身長約五米，體重達兩公噸，四足行走，頭部巨大，頭頂長有明顯的骨質褶邊及三隻角。最具代表性的特徵，是鼻樑上突出的骨塊結構，稱為「boss」（形容凸起的圓形裝飾）。
現時挖掘季剛剛開始，將持續至秋季。團隊現階段挖掘的地區面積雖小，但化石分佈極為密集。班福斯教授估算，每一平方公尺，可能埋藏多達三百件恐龍骨骼。
迄今為止，團隊已發掘的範圍約為一個網球場大小，但整個化石層沿著山坡延伸，長達一公里。
班福斯告訴我們，「其密集程度令人震撼。」
「我們相信，這是北美最大型的恐龍骨床之一。」
「全球已知恐龍物種，有超過一半是根據單一標本描述的；而我們這裡，擁有數千隻厚鼻龍。」
圖像來源，
KEVIN CHURCH/BBC NEWS
古生物學家相信，這些恐龍當時正集體遷徙，從南方越冬地出發，向北前往夏季棲息地，行程長達數百英里。
當時這片地區氣候比今日溫暖許多，覆蓋著茂密植被，為這群龐大的草食性恐龍群體提供充足的食物來源。
班福斯表示，「這是一個單一物種、單一群體在某個時間點的完整樣本，而且樣本數極大。這在化石紀錄中幾乎前所未見。」
這片位於阿爾伯達省西北部的土地，不僅是厚鼻龍的棲息地。當時亦有體型更龐大的恐龍在此地漫步。研究這些恐龍，對於理解古代生態系統至關重要。
我們驅車兩小時，抵達「枯木山丘」（Deadfall Hills）。前往該處需穿越密林，涉水橫渡一條湍急的河流——「阿斯特」則是用狗爬式游過去——再攀越濕滑岩石。
在這裡，毋須開挖；巨型骨骼早已被流水沖刷出岩層及洗淨，就在河岸邊，等待被人拾起。
一塊巨大的脊椎骨很快被發現，泥地上還散落著肋骨碎片及牙齒。
圖像來源，
KEVIN CHURCH/BBC NEWS
古生物學家傑克森·斯威德（Jackson Sweder）對一塊疑似恐龍頭骨的化石特別感興趣。「我們在這裡發現的大多是鴨嘴龍，學名為埃德蒙頓龍（Edmontosaurus）。如果這真的是頭骨，那這隻恐龍體型非常龐大——可能長達10公尺（約30英尺）。」
埃德蒙頓龍是另一種草食性恐龍，曾在這片森林中遊走，牠們的化石正協助古生物學家拼湊出這片史前土地的樣貌。
斯威德是鄰近大草原市、菲利普·J·柯里恐龍博物館（Philip J Currie Dinosaur Museum）的收藏經理，厚鼻龍與埃德蒙頓龍化石的清理與研究工作均在此地進行。他目前正研究一具巨大的厚鼻龍頭骨，長約1.5公尺，暱稱為「大山姆」（Big Sam）。
圖像來源，
KEVIN CHURCH/BBC NEWS
斯威德指著頭盾頂端原本應有三根角的位置，但中間那根缺失了。「所有保存較完整的頭骨，在那個位置都有一根尖角，」他說，「但那個如獨角獸般的小尖角，似乎沒有了。」
多年來在這處非凡遺址工作，這個博物館團隊已收集了約8,000塊恐龍骨骼。實驗室擺滿了化石，當中包括厚鼻龍的各種呎寸的骨頭，從幼年到成年，應有盡有。
擁有如此多動物的樣本，讓研究人員能深入了解恐龍的生物學，包括物種的成長過程與族群結構。他們也能觀察個體差異，了解某些厚鼻龍如何在族群中脫穎而出——「大山姆」缺少的那根角，或許正是一個例子。
圖像來源，
WALKING WITH DINOSAURS/BBC STUDIOS
博物館與兩處遺址的詳細研究，正協助團隊解答一個關鍵問題：為何在派普斯通溪（Pipestone Creek）會有如此大量的動物在同一時間死亡？
班福斯表示：「我們相信，這是一群在季節性遷徙中的恐龍族群，途中遭遇某種災難性事件，導致整個族群——或至少大部分個體——瞬間被一掃而空。」
所有證據都指向一場突如其來的洪水。可能是一場山區暴風雨引發的山洪，洪水洶湧而下，連根拔起樹木、搬動巨石。
班福斯指出，厚鼻龍根本無法逃生：「牠們族群龐大，無法快速移動，而且頭重腳輕，加上不太擅長游泳。」
現場發現的岩石中，保留了洪水湍流所形成的沉積旋渦痕跡。石頭中的波浪見證災難被凝結的瞬間。
圖像來源，
KEVIN CHURCH/BBC NEWS
但這個恐龍的夢魘之日，對古生物學家來說，卻是個美夢。
「我們知道，每次來這裡，我們百分之百肯定能找到骨頭。而且每年我們對這個物種都會有新的發現，」班福斯說。
「這就是我們不斷回來的原因，因為我們仍在尋找新事物。」
當團隊收拾好工具，準備改天再來時，他們知道前面還有很多工作要做。他們所揭示的，不過是埋藏在這片土地下的冰山一角，還有更多的史前秘密正等待被揭曉。
圖像來源，
WALKING WITH DINOSAURS/BBC STUDIOS",BBC News 中文,2025-05-21,https://ichef.bbci.co.uk/ace/ws/640/cpsprodpb/3b7f/live/c927ef40-33ff-11f0-96c3-cf669419a2b0.jpg.webp
曼谷大樓倒塌一個月後，再有17人被批捕,https://www.bbc.com/zhongwen/articles/c14kn2ld47ro/trad,"圖像來源，
GETTY IMAGES
泰國法院向與三月受緬甸地震影響而倒塌的曼谷審計署大樓項目相關的17名人員發出了逮捕令。
這棟30層樓的高層建築原本是國家審計署的辦公大樓，當其鄰國緬甸發生7.7級地震時，曼谷遭到震感，大樓倒塌。
當局稱，他們已從塔樓廢墟中找到89具屍體，但還有7人下落不明。
根據當地媒體報道，負責調查大樓倒塌原因的警方表示，逮捕令是向參與大樓設計、建造和建築監督的人員發出的。
泰國警察中將暹羅·布恩瑟姆（Siam Boonsom）告訴法新社：「泰國法院今天向與坍塌事件有關的三夥人發出了逮捕令，共計17人。」
End of 熱讀
警方只透露了其中一人的名字，即71歲的商人普雷姆切·卡納蘇塔（Premchai Karnasuta），他曾擔任泰國最大的建築公司之一，即義大利-泰國發展有限公司的總裁，這家公司亦參與這棟倒塌的審計署大樓工程。
泰國當地媒體報導稱，此前在2021年，普雷姆切曾被最高法院判處三年零兩個月監禁，罪名是他於2018年2月在野生動物保護區狩獵。
泰國媒體週四報道稱，調查人員發現該建築的電梯井有結構缺陷。泰國當局尚未公佈建築物倒塌原因的調查結果。
此前四月，泰國當局已經就曼谷倒塌大樓事件逮捕了建築項目承辦方中鐵十局泰國分公司總經理張傳令，另有四名中國公民因涉嫌未經許可試圖從事故現場搬走30多份文件而被泰國拘捕。
泰國首都的建築在地震中基本上沒有損壞，只有國家審計署除外。
審計署是一座由藍色玻璃和鋼鐵建造的大樓，位於熱門旅遊景點乍都乍市場對面。
該建築歷時三年建造，耗資超過20億泰銖（5,900 萬美元），去年4月，中鐵十局在社媒上發文慶祝該樓主體結構封頂、進入裝飾裝修階段，並配圖顯示大樓頂部飄揚「封頂大吉」的標語。
但後來在地震中，這棟被看作中國基建出海又一力作的建築物僅在數秒間即被夷為平地。
大樓倒塌時，現場有400多名工人，無人機、嗅探犬、起重機和挖土機均被派去協助救援工作。
事發後，泰國當局立即表示要就事故原因展開調查，內政部長向媒體表示已成立調查委員會，一度要求在7天內向他報告調查結果，但這份調查結果至今未公開、進度也未可知。
在當時，泰國官方已經已經指出，導致大樓倒塌的可能因素有三個：設計師、監理或施工方。
此外，事故發生後不久，泰國工業部官員即表示，對現場收集的材料進行的初步檢測表明，這座建築的殘骸中存在不合格鋼材，鋼材重量和強度均不符合標準。
事故發生後，多位建築從業人員向BBC中文標示：「這样的事故是不該发生的。」並指出，樓房抗震結構學在過去幾十年間已飛速迭代發展，設計、修建於現代的建築並不應該在遠離地震源如此遠的地方、以如此快的速度直接倒塌。
此前，倫敦帝國理工學院地震工程資深講師克里斯蒂安·馬拉加-丘基塔佩（Christian Málaga-Chuquitaype）博士在研究曼谷審計署大樓倒塌影片後表示，「無梁樓板」似乎是審計署大樓的主要設計結構，但在地震多發地區已不再推薦這種施工流程。
一位中國土木工程從業人員對BBC中文稱，自曼谷審計署大樓倒塌以來，該事故成為業內同行們討論的焦點。出於公司的嚴格規定，他要求匿名接受訪問：「這個項目我們從視頻看起來也覺得是使用了無梁樓蓋設計，建築高度這麼高，扛橫向荷載的能力比較差，國內（在高層建築設計上）是禁用的。」
3月28日，緬甸發生地震，造成3,000多人死亡，4,500多人受傷，泰國和中國西南部等其他地區也有震感。",BBC News 中文,2025-05-16,https://ichef.bbci.co.uk/ace/ws/640/cpsprodpb/efa4/live/09cc00d0-3212-11f0-8519-3b5a01ebe413.jpg.webp
核三廠停機：半導體與美國壓力下，台灣會否從「非核家園」轉向「新式核能」？,https://www.bbc.com/zhongwen/articles/ce3v0qy537ko/trad,"圖像來源，
GETTY IMAGES
5月17日，台灣最後一座運轉中的核電廠反應爐正式除役。面對全島邁入「無核狀態」，台灣社會對於續用核能展開激烈討論。
儘管當局一直強調台灣「沒有缺電」，日前台灣總統賴清德接受媒體訪談提及，不排除接受「先進新式核能發電」，外界認為民進黨政府「非核家園」能源政策可能面臨重大轉向。
台灣核能發電佔比數十年來大幅下降到僅剩3%，隨著減碳趨勢及半導體產業發展，未來能源穩定度變得更加關鍵，有民調指台灣民眾現有六至七成支持使用核能，甚至民進黨支持者也不再堅定反核。
除了產業需求，有學者告訴BBC中文，民進黨政府亦有來自美國的壓力，核電被認為是台灣展現防衛意志、維持能源安全的選項。
台灣從1960年代開始發展核電，1971年蓋第一座核電廠，興建期間發生1973年石油危機，兩蔣政府為確保能源供應，將核電廠列入「十大建設」。
End of 熱讀
目前全台灣共有四座核電廠，其中三座營運了數十年，「核一」、「核二」、「核三」分別位於新北市石門區、萬里區、南部恆春半島，而「核四」則處於新北市貢寮區，在興建期間因引起巨大爭議被「封存」。
台灣島內所有核電廠，皆由經濟部管理的台灣電力公司（台電）興建及營運。根據過去《核子反應器設施管制法》（簡稱《核管法》）規定，核電廠運轉執照有效期間最長為40年，若要延役，台電須在執照到期前5至15年申請。
2011年日本福島核事故引發台灣20萬人上街反核，時任國民黨籍總統馬英九宣布核一、核二、核三不延役，核四封存。2016年民進黨實現政黨輪替，前總統蔡英文提出「2025非核家園」政策，讓既有三座核電廠在法定運轉時限到時後直接除役。
台灣的核一、核二分別於2019年及2023年除役。核三廠自1984年運轉，一號機於去年七月運轉期滿後除役，二號機也將在5月17日停止，台灣將正式進入無核狀態。
圖像來源，
AFP
1980年代核能曾為台灣供應超過一半的電力，直至1990年代初期，核能仍佔台灣三成供電量。
隨著台灣經濟成長、民生工業用電增加，台灣政府開放發電市場及建置大型火力發電廠，核能用電佔比遂逐年降低。
2016年前總統蔡英文上台後，提出以發展風電、光電等再生能源替代核能，目標是到2025年「天然氣50％、燃煤30％、再生能源20％」，台灣能源結構產生顯著變化。
根據行政院經濟部能源署最新統計，2024年核能發電僅存4%，燃氣火力發電首度高於燃煤發電，佔比47.2%，再生能源發電佔比則首度突破10%。去年7月底核三廠1號機停機後，核能發電則進一步降到約3%。
這3%到底多關鍵，台灣各界專家持不同說法。台灣媒體指，今年五月夏季夜晚，核三廠2號機獨力承擔台灣3％用電，對維繫電網穩定相當重要。
行政院長卓榮泰則指，目前台灣每日電力備載容量有12%至15%，少去核能的3%，仍高於安全備載容量6%的標準，有其餘裕。備轉容量是指輸電網絡中，應付發電機故障、需求預測誤差等情況所預留的發電量。
台灣當局也指出，為因應核電除役後產生的電力缺口，同時汰換產生較多空氣污染的燃煤機組，以再生能源作為長期能源解方，並規劃多項天然氣機組作上線，作為能源轉型的橋接方案。
但有聲音質疑，部分新的燃氣機組仍在測試階段，若無法及時銜接，今年供電情勢恐緊張。外界也擔憂，台灣再生能源發展未如預期。
近年風電、光電各遭遇環境與土地開發衝突、建置成本因俄烏戰爭上漲等問題。據台灣國家能源規劃，2025年再生能源發電量應達到20％，截至2024年底，再生能源發電量僅達11％。
圖像來源，
GETTY IMAGES
隨台灣用電需求持續成長，產業界對核能的倡議也更為頻繁。
年初和碩聯合科技董事長童子賢便於立法院發言，指AI晶片製造發展讓台灣用電量大增，核電不排碳、發電成本比天然氣便宜。全國工業總會也曾向總統賴清德呼籲，核能是可考量選擇。
行政院經濟部能源署報告指出，隨AI發展，晶片生產需求大增，台積電陸續在台南、高雄新增產線，2024年台灣用電量來到史上最高。其預估，2033年全台灣用電量成長將達到22％，其中AI與半導體兩大產業的用電增⻑就佔台灣用電需求總成長的84.4%。
2024年標準普爾發布報告指出，隨著台積電加快先進3奈米晶片的生產，預計2030年用電量將佔台灣總用電量的近四分之一。然而，台灣發電量成長速度緩慢，可能導致台積電面臨供電風險。
圖像來源，
GETTY IMAGES
科技民主與社會研究中心（DSET）永續韌性組研究員呂采穎告訴BBC中文，依經濟部相關能源規劃，即便沒有核能，要供應半導體業跟AI相關需求，「未來十年台灣供電總量不會有問題，但可能有供電緊繃的情況」。
呂采穎解釋，根據該中心估算模型，因應台積電2奈米先進製程擴廠的用電需求成長，台灣在2025至2027年間，因為新電廠還未上線，夜間備轉容量率偶爾會低於6%，顯得較不穩定。
呂采穎強調，台灣現階段挑戰是電網過度集中，政府須考量分散供電風險，企業也應發展既有電網韌性所必需的儲能技術。
過去幾年全球反核風向逆轉，不僅英國、丹麥、瑞典、意大利，甚至亞洲的日本與韓國等國家，過去都曾致力在能源結構中去核，如今皆相繼宣布重新投入核電，或是為既存核電廠延役。
中央研究院一份歷時五年的調查指，台灣支持「非核家園」理念的民眾逐年降低，從2017年超過七成支持，至2024年支持率僅剩一半。
另有其他多份民調亦指台灣民眾有六至七成支持核能。
圖像來源，
AFP
該調查主持人之一、中央研究院社會學研究所研究員林宗弘解釋，民眾對核電偏好產生變化，最新調查更指，其中包含民進黨支持者，都不再堅定支持非核家園。
「非核家園」是民進黨創黨就秉持的政治理念，其在野時期結合民意推動反核運動，其中包含長達40年的反對第四核能發電廠的運動。民進黨前主席林義雄便為其中代表人物。
2011年日本福島發生核災後，台灣社會反核聲浪來到高峰，2014年時任總統馬英九因此宣布核四廠一號機封存、二號機停工。2016年政黨輪替，蔡英文政府更將「非核家園」作為其主要政策。
林宗弘指出，隨著核四封存、福島核災衝擊降低，民眾考量國安能源安全、氣候變遷挑戰等多重因素，對核能的態度產生轉變，其過去擔憂的社區風險與健康問題也被轉移。
2017年及2022年台灣發生兩次大停電事件，雖然都是廠區人員操作失誤所致，但也加深產業跟民眾對於能源轉型同時能否穩定供電的擔憂。
核能不僅是經濟問題，亦是國安問題。台灣邁入無核前夕，國際也對台灣未來能源穩定狀況頻頻表現關切。
美國在台協會（AIT）處長谷立言（Raymond Greene）今年兩度受訪談論核能議題。他指出，因應台灣AI伺服器資料中心及半導體晶圓廠的能源需求，美國能提供台灣各種能源解決方案，包含核能。
谷立言又稱，美國可協助引進既有及新興技術，例如小型模組化反應爐（SMR），並幫助台灣解決核廢料儲存問題。
美國德州山姆休士頓州立大學政治系副教授翁履中對BBC中文分析，從印太戰略角度，美國期待台灣擁有核電，以避免戰時能源遭封鎖的風險，強化自我防衛韌性，他認為AIT近期的公開言論，「是對民進黨政府軟性施壓的極致」。
過去兩年，美國與歐洲多家智庫訪台時，就屢次點出台灣能源、包含佔比五成的天然氣，高度依賴進口，電力系統有其脆弱性。地緣政治考量下，台海若遭封鎖，將嚴重衝擊經濟及民生用電。
翁履中也指出，美國近年大幅投資SMR發展，獲特朗普政府及國務院跨黨派支持，背後也有龐大市場商機的考量。
美國科技大廠近年對這類新型核反應爐亦充滿興趣，包含Google、微軟創辦人比爾蓋茲，都已宣布在美國投資建設SMR，或與相關企業合作。
台灣媒體也報導，美國有意向台灣出售新型核反應爐，不過由於還未有商轉案例，加上台灣政府仍有核廢料問題需解決，目前尚無定論。
5月13日，立法院通過由在野黨國民黨提出的《核子反應器設施管制法》修正案，該法延長核電廠運轉年限，原先40年運轉期滿的核電廠，經安全評估，最長可再延役20年。
《核管法》修正案通過後，台灣最後一座核電廠仍將如期停止發電，但未來會不會重啟仍是未知數。若要重啟，需依核能安全委員會審查，程序至少需要二至三年。
核三廠所在地的恆春居民對此看法兩極。有支持繼續與核能「和平共處」者；亦有民眾對核廢料及安全風險提出擔憂。
創新民主中心執行長林俐君告訴BBC中文，核三廠要延役需嚴謹評估，包含核電廠安全檢查及風險管理，尤其核三廠有地震斷層帶經過，台灣核電廠鄰近人口密集地，又面臨地震頻繁、極端氣候加劇的情況，當局有責任要提出調查報告，經公眾檢視。
林俐君及其團隊曾在核三廠附近進行大規模田野調查，訪談居民、民意代表及地方廠商等，她指出，核能過去被認為是專業主導、技術本位的學科，欠缺民眾參與， 「地方的接受都帶有無奈，因為當初他們無從決定，」若要重啟，相關單位需公開資訊，與民眾溝通，並凝聚共識。
她也強調，無論最終台灣決定要不要重啟核電，都須正視核廢料處置，「這是世代責任的問題」。
圖像來源，
GETTY IMAGES
台灣三座核電廠已陸續期滿40年除役，當局對核廢料處置的問題也再次浮上檯面。迄今，台灣仍未對低階與高階的核廢料處理場提出最終解決相關方案。
高階核廢料最終處置場由於台灣相關立法尚未完備，目前未進入選址評估階段。
至於低階核廢料，2012年經濟部曾公告台東達仁與金門烏坵為建議候選場址，因為當地居民反對，地方政府不願舉辦地方公投，低階核廢料最終處置場址選址至今未決。低階核廢料目前暫時貯存在蘭嶼暫時貯存場、三座核電廠內。
核廢料分為高、低放射性廢棄物，前者指的是用過的燃料棒，其餘歸類為低放射性廢棄物。根據環保團體統計，截至 2024 年1月底，台灣已製造出1萬 9千多束高放射性廢棄物、21萬桶低放射性廢棄物。
針對此議題，經濟部正籌備放射性廢棄物處置專案辦公室，將提出選址條例草案及相關社會溝通，規劃今年底將選址條例草案送請行政院審查。
圖像來源，
GETTY IMAGES
總統賴清德日前接受台灣媒體專訪，表示不排除「先進新式的核能」，未來台灣只要在確保核能安全、核廢處置的前提下，取得社會共識，就可以使用核電。
賴清德以微軟公司共同創辦人比爾蓋茲在美國籌建新式核電廠舉例，指若新核能發電安全更有保障，核廢料更少，社會的接受度會比較大。
比爾蓋茲在美國籌設的新式核電廠，被通稱為小型模組化反應器（SMR），被視為下一代核能選項，其體積較傳統核電廠小，功率約為標準核電廠的三分之一，優勢是建造成本約為普通水冷反應器的一半，使用 「鈉式」（Natrium）反應器效率高，相對產生較少核廢料。
倡議者認為，SMR能靈活部署，依用電需求搭配不同模組數量，有別於過去蓋大型核電廠供應給城市，得直接供應給科學園區、特定廠房，或偏遠地區等。
持懷疑態度者則指出，SMR實際建設成本高於預期，燃料來源供應不穩，其產生的核廢料未必較少，其發展仍有難度跟爭議，也欠缺全球統一的安全標準與監管機制。
目前微軟、Google、亞馬遜等科技大廠都已投入SMR市場，外界期望2030年可望有首批商轉案例。台灣國家原子能科技研究院也提案啟動4年期SMR研究計畫。",BBC News 中文,2025-05-17,https://ichef.bbci.co.uk/ace/ws/640/cpsprodpb/b15a/live/24f0f7c0-3236-11f0-bbd7-d7ac0a5cd218.jpg.webp
